USE [Democracy]
GO
INSERT [dbo].[AspNetRoles] ([Id], [Name]) VALUES (N'7f02c634-c5f9-4e8a-8bf9-6f97bbd58278', N'Admin')
GO
INSERT [dbo].[AspNetRoles] ([Id], [Name]) VALUES (N'1489694d-6608-4538-a3fb-4ba524424217', N'User')
GO
INSERT [dbo].[AspNetUsers] ([Id], [Email], [EmailConfirmed], [PasswordHash], [SecurityStamp], [PhoneNumber], [PhoneNumberConfirmed], [TwoFactorEnabled], [LockoutEndDateUtc], [LockoutEnabled], [AccessFailedCount], [UserName]) VALUES (N'4d962f8d-e5d9-48d3-83af-8f63f3045138', N'Hector@eso.com', 0, N'AHNfiET5ysWovwsxekV85A0vk+Z0fhjguoNYZYE2EZszVebG5cWwTuvlg0acRVnFPA==', N'84029a56-3c8e-450f-908e-38c86bbd2b13', N'8009600010', 0, 0, NULL, 0, 0, N'Hector@eso.com')
GO
INSERT [dbo].[AspNetUsers] ([Id], [Email], [EmailConfirmed], [PasswordHash], [SecurityStamp], [PhoneNumber], [PhoneNumberConfirmed], [TwoFactorEnabled], [LockoutEndDateUtc], [LockoutEnabled], [AccessFailedCount], [UserName]) VALUES (N'522a3890-879d-4215-8297-feed4a5473bd', N'Angelina@eso.com', 0, N'AP7VOgjXSiJb/GOLz+3TicNNddjInwXdb6fAiYT7SvlL9MWG13yMp8Y7MHchp1XLzQ==', N'c5975837-1ba0-4e5c-ab4e-f88b55a68f8c', N'4560001420', 0, 0, NULL, 0, 0, N'Angelina@eso.com')
GO
INSERT [dbo].[AspNetUsers] ([Id], [Email], [EmailConfirmed], [PasswordHash], [SecurityStamp], [PhoneNumber], [PhoneNumberConfirmed], [TwoFactorEnabled], [LockoutEndDateUtc], [LockoutEnabled], [AccessFailedCount], [UserName]) VALUES (N'74cb873e-6274-4661-b313-a1a030e28979', N'c.herran@outlook.com', 0, N'AEMc3BomDYJUjnv43d4H0gpos3gdm7NgEJSxdzi3Pwg2EJey3lWyWKzFOq5rU1cIYQ==', N'3daf61a0-1596-426e-a0f5-3e2099a0638c', NULL, 0, 0, NULL, 1, 0, N'c.herran@outlook.com')
GO
INSERT [dbo].[AspNetUsers] ([Id], [Email], [EmailConfirmed], [PasswordHash], [SecurityStamp], [PhoneNumber], [PhoneNumberConfirmed], [TwoFactorEnabled], [LockoutEndDateUtc], [LockoutEnabled], [AccessFailedCount], [UserName]) VALUES (N'81e00875-a4b1-4130-9e54-31d12d77abfa', N'Freddy@eso.com', 0, N'AGb5aV6yHRJgEOc0jPIfZncUdrzJLkPVV3PiNdmZRBOVLPlQDPm3B5V381jfJubANA==', N'b8fbee0e-1521-4daa-850c-56518a5f7d27', N'900145698', 0, 0, NULL, 0, 0, N'Freddy@eso.com')
GO
INSERT [dbo].[AspNetUsers] ([Id], [Email], [EmailConfirmed], [PasswordHash], [SecurityStamp], [PhoneNumber], [PhoneNumberConfirmed], [TwoFactorEnabled], [LockoutEndDateUtc], [LockoutEnabled], [AccessFailedCount], [UserName]) VALUES (N'c17c52b1-f0d0-4fd4-9c6c-be247e746086', N'carlosherran@gmail.com', 0, N'ACt7ALjZRYJi56kp3nbbBM3CtbBCk+jZPrMexxO3FXLze3dcpttxhcAf9XroZxF3HQ==', N'46962112-2a2a-4f00-9181-76b8aa26e26c', N'50089200', 0, 0, NULL, 0, 0, N'carlosherran@gmail.com')
GO
INSERT [dbo].[AspNetUsers] ([Id], [Email], [EmailConfirmed], [PasswordHash], [SecurityStamp], [PhoneNumber], [PhoneNumberConfirmed], [TwoFactorEnabled], [LockoutEndDateUtc], [LockoutEnabled], [AccessFailedCount], [UserName]) VALUES (N'e7cfbe84-e920-4721-aa28-8068c98a3286', N'Pedro@eso.com', 0, N'ADRzep7cSd1f3VB98n4gTTXdSkuF8vEY8jf2Dj1ryaZs2qRmGmB2Ixn8TsWfVwrSOA==', N'6778b4dd-cc0b-480f-9aef-604a45bdfea4', N'400500600', 0, 0, NULL, 0, 0, N'Pedro@eso.com')
GO
INSERT [dbo].[AspNetUsers] ([Id], [Email], [EmailConfirmed], [PasswordHash], [SecurityStamp], [PhoneNumber], [PhoneNumberConfirmed], [TwoFactorEnabled], [LockoutEndDateUtc], [LockoutEnabled], [AccessFailedCount], [UserName]) VALUES (N'e9bb6ac1-2cec-4134-9c84-bea1b2e17524', N'Carlos@eso.com', 0, N'ABlEczgAaigTbSQyIORb5ytw6lid0qsZbPDobo6xeWH0e1EqgouFQLtS2dsjurCRvA==', N'd15b3f34-2991-401f-a496-f48d216504eb', N'40059008700', 0, 0, NULL, 0, 0, N'Carlos@eso.com')
GO
INSERT [dbo].[AspNetUserRoles] ([UserId], [RoleId]) VALUES (N'4d962f8d-e5d9-48d3-83af-8f63f3045138', N'1489694d-6608-4538-a3fb-4ba524424217')
GO
INSERT [dbo].[AspNetUserRoles] ([UserId], [RoleId]) VALUES (N'522a3890-879d-4215-8297-feed4a5473bd', N'1489694d-6608-4538-a3fb-4ba524424217')
GO
INSERT [dbo].[AspNetUserRoles] ([UserId], [RoleId]) VALUES (N'74cb873e-6274-4661-b313-a1a030e28979', N'1489694d-6608-4538-a3fb-4ba524424217')
GO
INSERT [dbo].[AspNetUserRoles] ([UserId], [RoleId]) VALUES (N'81e00875-a4b1-4130-9e54-31d12d77abfa', N'1489694d-6608-4538-a3fb-4ba524424217')
GO
INSERT [dbo].[AspNetUserRoles] ([UserId], [RoleId]) VALUES (N'c17c52b1-f0d0-4fd4-9c6c-be247e746086', N'1489694d-6608-4538-a3fb-4ba524424217')
GO
INSERT [dbo].[AspNetUserRoles] ([UserId], [RoleId]) VALUES (N'e7cfbe84-e920-4721-aa28-8068c98a3286', N'1489694d-6608-4538-a3fb-4ba524424217')
GO
INSERT [dbo].[AspNetUserRoles] ([UserId], [RoleId]) VALUES (N'e9bb6ac1-2cec-4134-9c84-bea1b2e17524', N'1489694d-6608-4538-a3fb-4ba524424217')
GO
INSERT [dbo].[AspNetUserRoles] ([UserId], [RoleId]) VALUES (N'c17c52b1-f0d0-4fd4-9c6c-be247e746086', N'7f02c634-c5f9-4e8a-8bf9-6f97bbd58278')
GO
SET IDENTITY_INSERT [dbo].[States] ON 
GO
INSERT [dbo].[States] ([StateId], [Description]) VALUES (1, N'Open')
GO
INSERT [dbo].[States] ([StateId], [Description]) VALUES (2, N'Closed')
GO
INSERT [dbo].[States] ([StateId], [Description]) VALUES (3, N'Created')
GO
SET IDENTITY_INSERT [dbo].[States] OFF
GO
SET IDENTITY_INSERT [dbo].[Votings] ON 
GO
INSERT [dbo].[Votings] ([VotingId], [Description], [StateId], [Remarks], [DateTimeStart], [DateTimeEnd], [IsForAllUsers], [IsEnabledBlankVote], [QuantityVotes], [QuantityBlankVotes], [CandidateWinId]) VALUES (1, N'El Mejor Artista 2018', 1, N'El Mejor Artista 2018', CAST(N'2018-12-01T08:00:00.000' AS DateTime), CAST(N'2018-12-31T18:00:00.000' AS DateTime), 0, 1, 4, 0, 0)
GO
INSERT [dbo].[Votings] ([VotingId], [Description], [StateId], [Remarks], [DateTimeStart], [DateTimeEnd], [IsForAllUsers], [IsEnabledBlankVote], [QuantityVotes], [QuantityBlankVotes], [CandidateWinId]) VALUES (18, N'President 2018', 1, NULL, CAST(N'2018-12-01T08:00:00.000' AS DateTime), CAST(N'2018-12-31T18:00:00.000' AS DateTime), 1, 0, 6, 0, 0)
GO
INSERT [dbo].[Votings] ([VotingId], [Description], [StateId], [Remarks], [DateTimeStart], [DateTimeEnd], [IsForAllUsers], [IsEnabledBlankVote], [QuantityVotes], [QuantityBlankVotes], [CandidateWinId]) VALUES (19, N'Quien mas Estudio 2018', 1, N'Quien mas Estudio 2018', CAST(N'2018-12-01T08:00:00.000' AS DateTime), CAST(N'2018-12-31T18:00:00.000' AS DateTime), 0, 1, 2, 0, 0)
GO
SET IDENTITY_INSERT [dbo].[Votings] OFF
GO
SET IDENTITY_INSERT [dbo].[Users] ON 
GO
INSERT [dbo].[Users] ([UserId], [UserName], [FirstName], [LastName], [Phone], [Address], [Grade], [Group], [Photo]) VALUES (6, N'Angelina@eso.com', N'Angie', N'Jolie', N'4560001420', N'Calle 9 # 98-98', N'10', N'A', N'~/Content/Photos/Angelina.jpg')
GO
INSERT [dbo].[Users] ([UserId], [UserName], [FirstName], [LastName], [Phone], [Address], [Grade], [Group], [Photo]) VALUES (7, N'Freddy@eso.com', N'Freddy', N'Mercury', N'900145698', N'Calle 9 # 98-98', N'9', N'B', N'~/Content/Photos/Freddy.jpg')
GO
INSERT [dbo].[Users] ([UserId], [UserName], [FirstName], [LastName], [Phone], [Address], [Grade], [Group], [Photo]) VALUES (8, N'Hector@eso.com', N'Hector', N'Lavoe', N'8009600010', N'Cra 25 # 99-99', N'9', N'C', N'~/Content/Photos/Hector.jpg')
GO
INSERT [dbo].[Users] ([UserId], [UserName], [FirstName], [LastName], [Phone], [Address], [Grade], [Group], [Photo]) VALUES (9, N'Pedro@eso.com', N'Pedro', N'Infante', N'400500600', N'Calle 9 # 98-98', N'10', N'A', N'~/Content/Photos/Pedro.jpg')
GO
INSERT [dbo].[Users] ([UserId], [UserName], [FirstName], [LastName], [Phone], [Address], [Grade], [Group], [Photo]) VALUES (10, N'Carlos@eso.com', N'Carlos', N'Herran', N'40059008700', N'Calle 9 # 98-98', N'11', N'A', N'~/Content/Photos/CC_94487627_1.jpg')
GO
INSERT [dbo].[Users] ([UserId], [UserName], [FirstName], [LastName], [Phone], [Address], [Grade], [Group], [Photo]) VALUES (13, N'carlosherran@gmail.com', N'Carlos', N'Herran', N'388 520 11 22', N'Calle 1 # 1-1', NULL, NULL, N'~/Content/Photos/CC_94487627_2.jpg')
GO
INSERT [dbo].[Users] ([UserId], [UserName], [FirstName], [LastName], [Phone], [Address], [Grade], [Group], [Photo]) VALUES (14, N'c.herran@outlook.com', N'Carlos A', N'Herran S', N'450 980 5263', N'Cra 58 # 85-95', N'11', N'Q', N'~/Content/Photos/Oracle.gif')
GO
SET IDENTITY_INSERT [dbo].[Users] OFF
GO
SET IDENTITY_INSERT [dbo].[Candidates] ON 
GO
INSERT [dbo].[Candidates] ([CandidateId], [VotingId], [UserId], [QuantityVotes]) VALUES (3, 1, 6, 2)
GO
INSERT [dbo].[Candidates] ([CandidateId], [VotingId], [UserId], [QuantityVotes]) VALUES (4, 1, 7, 2)
GO
INSERT [dbo].[Candidates] ([CandidateId], [VotingId], [UserId], [QuantityVotes]) VALUES (5, 19, 14, 2)
GO
INSERT [dbo].[Candidates] ([CandidateId], [VotingId], [UserId], [QuantityVotes]) VALUES (6, 19, 13, 0)
GO
INSERT [dbo].[Candidates] ([CandidateId], [VotingId], [UserId], [QuantityVotes]) VALUES (7, 18, 6, 3)
GO
INSERT [dbo].[Candidates] ([CandidateId], [VotingId], [UserId], [QuantityVotes]) VALUES (8, 18, 14, 2)
GO
INSERT [dbo].[Candidates] ([CandidateId], [VotingId], [UserId], [QuantityVotes]) VALUES (9, 18, 9, 1)
GO
SET IDENTITY_INSERT [dbo].[Candidates] OFF
GO
SET IDENTITY_INSERT [dbo].[VotingDetails] ON 
GO
INSERT [dbo].[VotingDetails] ([VotingDetailId], [DateTime], [VotingId], [UserId], [CandidateId]) VALUES (1, CAST(N'2018-12-09T20:27:52.213' AS DateTime), 18, 14, 7)
GO
INSERT [dbo].[VotingDetails] ([VotingDetailId], [DateTime], [VotingId], [UserId], [CandidateId]) VALUES (2, CAST(N'2018-12-09T20:45:16.397' AS DateTime), 19, 14, 5)
GO
INSERT [dbo].[VotingDetails] ([VotingDetailId], [DateTime], [VotingId], [UserId], [CandidateId]) VALUES (3, CAST(N'2018-12-09T20:49:57.633' AS DateTime), 1, 6, 3)
GO
INSERT [dbo].[VotingDetails] ([VotingDetailId], [DateTime], [VotingId], [UserId], [CandidateId]) VALUES (4, CAST(N'2018-12-09T20:50:08.100' AS DateTime), 18, 6, 8)
GO
INSERT [dbo].[VotingDetails] ([VotingDetailId], [DateTime], [VotingId], [UserId], [CandidateId]) VALUES (5, CAST(N'2018-12-09T20:50:43.600' AS DateTime), 1, 7, 4)
GO
INSERT [dbo].[VotingDetails] ([VotingDetailId], [DateTime], [VotingId], [UserId], [CandidateId]) VALUES (6, CAST(N'2018-12-09T20:50:49.407' AS DateTime), 18, 7, 8)
GO
INSERT [dbo].[VotingDetails] ([VotingDetailId], [DateTime], [VotingId], [UserId], [CandidateId]) VALUES (7, CAST(N'2018-12-09T20:51:16.070' AS DateTime), 1, 8, 3)
GO
INSERT [dbo].[VotingDetails] ([VotingDetailId], [DateTime], [VotingId], [UserId], [CandidateId]) VALUES (8, CAST(N'2018-12-09T20:51:20.327' AS DateTime), 18, 8, 7)
GO
INSERT [dbo].[VotingDetails] ([VotingDetailId], [DateTime], [VotingId], [UserId], [CandidateId]) VALUES (9, CAST(N'2018-12-09T20:51:42.333' AS DateTime), 1, 9, 4)
GO
INSERT [dbo].[VotingDetails] ([VotingDetailId], [DateTime], [VotingId], [UserId], [CandidateId]) VALUES (10, CAST(N'2018-12-09T20:51:47.190' AS DateTime), 18, 9, 9)
GO
INSERT [dbo].[VotingDetails] ([VotingDetailId], [DateTime], [VotingId], [UserId], [CandidateId]) VALUES (11, CAST(N'2018-12-09T20:52:18.847' AS DateTime), 18, 10, 7)
GO
INSERT [dbo].[VotingDetails] ([VotingDetailId], [DateTime], [VotingId], [UserId], [CandidateId]) VALUES (12, CAST(N'2018-12-09T20:52:32.093' AS DateTime), 19, 10, 5)
GO
SET IDENTITY_INSERT [dbo].[VotingDetails] OFF
GO
SET IDENTITY_INSERT [dbo].[Groups] ON 
GO
INSERT [dbo].[Groups] ([GroupId], [Description]) VALUES (1, N'Teachers')
GO
INSERT [dbo].[Groups] ([GroupId], [Description]) VALUES (2, N'Estudiosos')
GO
INSERT [dbo].[Groups] ([GroupId], [Description]) VALUES (3, N'Artistas')
GO
SET IDENTITY_INSERT [dbo].[Groups] OFF
GO
SET IDENTITY_INSERT [dbo].[GroupMembers] ON 
GO
INSERT [dbo].[GroupMembers] ([GroupMemberId], [GroupId], [UserId]) VALUES (2, 2, 10)
GO
INSERT [dbo].[GroupMembers] ([GroupMemberId], [GroupId], [UserId]) VALUES (4, 3, 8)
GO
INSERT [dbo].[GroupMembers] ([GroupMemberId], [GroupId], [UserId]) VALUES (5, 3, 9)
GO
INSERT [dbo].[GroupMembers] ([GroupMemberId], [GroupId], [UserId]) VALUES (6, 3, 7)
GO
INSERT [dbo].[GroupMembers] ([GroupMemberId], [GroupId], [UserId]) VALUES (7, 3, 6)
GO
INSERT [dbo].[GroupMembers] ([GroupMemberId], [GroupId], [UserId]) VALUES (8, 2, 13)
GO
INSERT [dbo].[GroupMembers] ([GroupMemberId], [GroupId], [UserId]) VALUES (9, 2, 14)
GO
SET IDENTITY_INSERT [dbo].[GroupMembers] OFF
GO
SET IDENTITY_INSERT [dbo].[VotingGroups] ON 
GO
INSERT [dbo].[VotingGroups] ([VotingGroupId], [VotingId], [GroupId]) VALUES (2, 1, 3)
GO
INSERT [dbo].[VotingGroups] ([VotingGroupId], [VotingId], [GroupId]) VALUES (3, 19, 2)
GO
SET IDENTITY_INSERT [dbo].[VotingGroups] OFF
GO
INSERT [dbo].[__MigrationHistory] ([MigrationId], [ContextKey], [Model], [ProductVersion]) VALUES (N'201811152340590_InitialCreate', N'Democracy.Migrations.Configuration', 0x1F8B0800000000000400CD57C96E233710BD07C83F103C258047F472498CD60C1CC90E848C6C63DA3377AABB2413E1D221D986F46D73C827E51752EC7D91648D3140025D24B29657AF36EA9FAF7F471FB64A9217B04E183DA51793734A402726157A33A5B95FBFFB857E78FFE30FD16DAAB6E44B2D7715E45053BB297DF63EBB66CC25CFA0B89B289158E3CCDA4F12A3184F0DBB3C3FFF955D5C304013146D11127DCAB5170A8A1FF87366740299CFB95C9A14A4ABCEF1262EAC927BAEC0653C81299D833289E5C96E52CA52722305471C31C835255C6BE3B94794D79F1DC4DE1ABD89333CE0F2699701CAADB97450A1BF6EC54F0DE4FC3204C25AC5DA54923B6FD4371ABCB8AA986143F537F14B1BE690BB5BE4D8EF42D4057FC8105AC6C8879EAE67D206A931B79342E38C34E7674D0960A584CF1999E5D2E716A61A726FB93C238FF94A8AE40FD83D993F414F752E65171602C3BBDE011E3D5A9381F5BB4FB0EE825DA494B0BE321B6A37BA43C532A685F6579794DC230CBE92D0E4BF137FEC8D85DF418345CDF4917B0F16D3B748A160700461E0700E2EB1222B93563AC5BAC306A264C9B71F416FFCF394E2574AEEC416D2FAA402F2590BEC3754F236873D40BBCE23D626759C6A6C23CF0586D100ABD2162E60EBF7A41E7BA4CABEAB00F4432D0DC7E0BBE462CFB530CAC69B54B5B50F6C03AB6D6B56F675DDFFECC00088963CCB90C8CE40A84E485C4E83D9BBF8DB1B45953658E2F6F44B83B6F184D5C13730B845D788F44E58E7E7DCF3150FA99AA56A24364AC201826B773D9E876DD2D25E8B87EF836CF79A7768A2A5F00EA35258E14580D0E0A8C7C448AF98C65C727BA8DF6646E64A1FEDDE63767A6DD4B5D5BB18DB8BD820A021696CC4DA60A20C7370AC8687228DF7A69607351B55F5F3FA661B155429420912F522D2504CF1CE795093203089FF92332930DE5660C9B55883F3E5E4A5B85E2E07EBF1FFB3AA9873A93C655FFD87BB4304725FDD0E4727F649EB42BF709B3C73FB93E2DB9FBFEB0A180FA913E6FBE1F15E56E494A62B83D84B8CF54A78E3E81FB747C4BACFC308F9129BD644782C6A48027DADD15A66A1D7A6A61B83EA22AA4506D95882E729727363BD58F3C4E37502CE15DBFB0B97398ADCAA15A40BFD90FB2CF737CE815AC9DEA32062C7FD17FBAD8F397A280AC07D8F1010A6C010E041FF960B9936B8EFF614CF0113A14CAA124754F87A41739B5D63E9DEE8130D55F4CD21031D1AE4095426437D3CE898BFC05BB0E113E5236C70AFD553EEB091D713D1A73D9A0BBEB15CB9CA46AB1FFEF2B0F09FE7FDBF9F186F28250D0000, N'6.2.0-61023')
GO
INSERT [dbo].[__MigrationHistory] ([MigrationId], [ContextKey], [Model], [ProductVersion]) VALUES (N'201811191454061_Initial', N'Democracy.Migrations.Configuration', 0x1F8B0800000000000400CD57C96E233710BD07C83F103C258047F472498CD60C1CC90E848C6C63DA3377AABB2413E1D221D986F46D73C827E51752EC7D91648D3140025D24B29657AF36EA9FAF7F471FB64A9217B04E183DA51793734A402726157A33A5B95FBFFB857E78FFE30FD16DAAB6E44B2D7715E45053BB297DF63EBB66CC25CFA0B89B289158E3CCDA4F12A3184F0DBB3C3FFF955D5C304013146D11127DCAB5170A8A1FF87366740299CFB95C9A14A4ABCEF1262EAC927BAEC0653C81299D833289E5C96E52CA52722305471C31C835255C6BE3B94794D79F1DC4DE1ABD89333CE0F2699701CAADB97450A1BF6EC54F0DE4FC3204C25AC5DA54923B6FD4371ABCB8AA986143F537F14B1BE690BB5BE4D8EF42D4057FC8105AC6C8879EAE67D206A931B79342E38C34E7674D0960A584CF1999E5D2E716A61A726FB93C238FF94A8AE40FD83D993F414F752E65171602C3BBDE011E3D5A9381F5BB4FB0EE825DA494B0BE321B6A37BA43C532A685F6579794DC230CBE92D0E4BF137FEC8D85DF418345CDF4917B0F16D3B748A160700461E0700E2EB1222B93563AC5BAC306A264C9B71F416FFCF394E2574AEEC416D2FAA402F2590BEC3754F236873D40BBCE23D626759C6A6C23CF0586D100ABD2162E60EBF7A41E7BA4CABEAB00F4432D0DC7E0BBE462CFB530CAC69B54B5B50F6C03AB6D6B56F675DDFFECC00088963CCB90C8CE40A84E485C4E83D9BBF8DB1B45953658E2F6F44B83B6F184D5C13730B845D788F44E58E7E7DCF3150FA99AA56A24364AC201826B773D9E876DD2D25E8B87EF836CF79A7768A2A5F00EA35258E14580D0E0A8C7C448AF98C65C727BA8DF6646E64A1FEDDE63767A6DD4B5D5BB18DB8BD820A021696CC4DA60A20C7370AC8687228DF7A69607351B55F5F3FA661B155429420912F522D2504CF1CE795093203089FF92332930DE5660C9B55883F3E5E4A5B85E2E07EBF1FFB3AA9873A93C655FFD87BB4304725FDD0E4727F649EB42BF709B3C73FB93E2DB9FBFEB0A180FA913E6FBE1F15E56E494A62B83D84B8CF54A78E3E81FB747C4BACFC308F9129BD644782C6A48027DADD15A66A1D7A6A61B83EA22AA4506D95882E729727363BD58F3C4E37502CE15DBFB0B97398ADCAA15A40BFD90FB2CF737CE815AC9DEA32062C7FD17FBAD8F397A280AC07D8F1010A6C010E041FF960B9936B8EFF614CF0113A14CAA124754F87A41739B5D63E9DEE8130D55F4CD21031D1AE4095426437D3CE898BFC05BB0E113E5236C70AFD553EEB091D713D1A73D9A0BBEB15CB9CA46AB1FFEF2B0F09FE7FDBF9F186F28250D0000, N'6.2.0-61023')
GO
INSERT [dbo].[__MigrationHistory] ([MigrationId], [ContextKey], [Model], [ProductVersion]) VALUES (N'201812092301427_InitialCreate', N'Democracy.Models.ApplicationDbContext', 0x1F8B0800000000000400DD5CDB6EDC36107D2FD07F10F4D416CECA9726488DDD14CEDA6E8DC617649DA06F0157E2AE85489422518E8D225FD6877E527FA14389BAF1A2CBAEBCBB2E02042B727866381C92C3E1D0FFFEFDCFF8D707DF33EE7114BB01999807A37DD3C0C40E1C972C276642172F5E9BBFBEF9FEBBF199E33F181F73BA2346072D493C31EF280D8F2D2BB6EFB08FE291EFDA5110070B3AB203DF424E601DEEEFFF621D1C5818204CC0328CF1FB8450D7C7E9077C4E0362E39026C8BB0C1CECC5BC1C6A6629AA71857C1C87C8C613F314FB811D21FB7194D19AC689E722906386BD85692042028A284879FC21C6331A0564390BA10079B78F2106BA05F262CCA53F2EC9BB7664FF9075C42A1BE6507612D3C0EF097870C4356389CD57D2AF59680E7477063AA68FACD7A9FE26E68583D3A2F781070A10191E4FBD88114FCCCB82C5491C5E613ACA1B8E32C8F308E0BE06D1E7511571CFE8DC6EAFB0A4C3D13EFBB7674C138F26119E109CD008797BC64D32F75CFB0FFC781B7CC6647274305F1CBD7EF90A3947AF7EC6472FAB3D85BE025DAD008A6EA220C411C8861745FF4DC3AAB7B3C48645B34A9B4C2B604B30294CE3123DBCC36449EF60BA1CBE368D73F7013B790937AE0FC48539048D6894C0E755E27968EEE1A2DE6AE4C9FE6FE07AF8F2D5205CAFD0BDBB4C875EE00F13278279F51E7B696D7CE786D9F4AA8DF7274E761E053EFBAEDB5756FB69162491CD3A1368496E51B4C4B42EDDD82A8DB7934933A8E1CD3A47DD7DD36692CAE6AD24651D5A6526E42C363D1B72799F966F678B3B094318BCD4B498469A0C4EDCAA4642DB3DA3A028CDE6A0ABD910E8CEFF79153CF391EB0DB00C76E002FEC7C28D7C5CF4F26D004687486F996F501CC32AE0FC8EE2BB06D1E1E700A2CFB09D44609C338AFCF0C9B9DDDC05045F25FE9CD9FCE6780D3634B75F837364D3203A23ACD5DA78EF02FB7390D033E29C228A3F503B07649FB7AEDF1D6010714E6C1BC7F139183376A601B8D739E005A14787BDE1D8F2B46D3764EA21D757FB21C242FA29272D7D113585E48F68C8543E4993A8EF82A54BBA899A93EA45CD285A45E5647D456560DD24E5947A415382563933AAC1BCBC74848677F352D8DDF7F3D6DBBC756B41458D335821F16F98E0089631E706518A23528E409775631BCE423A7C8CE993EF4D29A78FC84B8666B5D26C481781E167430ABBFBB32115138AEF5D8779251D0E3F3931C077A2579FABDAE79C20D9A6A743AD9B9B66BE993540375D4EE238B0DD741628C25E3C6851971F7C38A33D8291F5468C8240C7C0D05DB6E54109F4CD148DEA9A9C620F536C9CD85958708A621B39B21AA1434E0FC1F21D552158190DA90BF793C4132C1D47AC116287A01866AA4BA83C2D5C62BB21F25AB524B4ECB885B1BE173CC49A531C62C218B66AA20B7375F0830950F01106A54D4363AB6271CD86A8F15A7563DEE6C296E32EC5243662932DBEB3C62EB9FFF62486D9ACB10D1867B34ABA08A00DE46DC340F959A5AB018807975D3350E1C4A43150EE526DC440EB1ADB8281D655F2EC0C343BA2761D7FE1BCBA6BE6593F286F7E5B6F54D7166CB3A68F1D33CDCCF78436145AE04836CFD339ABC40F5471380339F9F92CE6AEAE68220C7C86693D6453FABB4A3FD46A06118DA809B034B416507E0528014913AA8770792CAF513AEE45F480CDE36E8DB07CED17602B36206357AF422B84FA0B53D1383B9D3E8A9E15D6201979A7C34205476110E2E255EF7807A5E8E2B2B262BAF8C27DBCE14AC7F8603428A8C573D52829EFCCE05ACA4DB35D4B2A87AC8F4BB6969604F749A3A5BC33836B89DB68BB92144E410FB7602D15D5B7F081265B1EE928769BA26E6C65F951BC606C6912A9C697280C5DB2AC2456F112639665554D5FCCFA271CF9198665C78ABCA342DA82130D22B4C4422DB00649CFDD28A6A788A23962719EA9E34B64CABD55B3FCE72CABDBA73C88F93E9053B3DF590BE9E2BEB6D3CAAE08473887FEF9CC9F4983E88AD1573737589A1BF250A488DB4F032FF189DEBDD2B7CE6EEFAAEDB31219616C09F24BEE93A42BC9C9AD2BBED3B0C8536290212A7C97D587490FA15376EE7956D5ADF346F5287970AA8AA20B586D6DD8744E4C8FA112BDC3FE23D58AF034738AA7A4540178514F8C4A56830456A9EB8E5A4F3CA962D66BBA230AD9255548A1AA8794D51C929A90D58A95F0341A555374E720678D54D1E5DAEEC88AFC912AB4A27A056C85CC625D7754458A49155851DD1DBBCC371197D01DDEB5B4679615B7ADEC50BBDEBEA5C1789AF570986DAF72775F05AA14F7C4E2B7F312182FDF495BD29EEC56B4A52C92B19E2D6930F4AB4EEDCEBBBEE8345ED4EB316B17D9B585BDE9225F8FD7CF629FD42EA4639D4852702F8E77C2316ECC8F54ED8F66A4335646621AB91A61537F8C29F6478C6034FBE24D3D17B3253C27B844C45DE09866C91BE6E1FEC1A1F0F266775EC15871EC788A23A9EE294C7DCC36908745EE5164DFA148CE8A58E3A548092A059C2F88831F26E65F69ABE33476C17EA5C57BC645FC81B85F12A8B88D126C7C93B33C87C99CEFF056A310F4DBB37804D15DE5177F7ECA9AEE19D7114CA763635F50F42AC35F7F1AD14B9AACE91AD2ACFC60E2F9CEB6DA8B0425AA305B567F803077E9208F0F72297FF0D1C38F7D45533E30580B51F1886028BC4154A87B24B00A96F68180039F347D20D0AFB3EA0703AB88A67D2CE092FE60E25381EECB50DE728BFB90E2B8B4892529D5736BAAF55A7997DBDE9BA48CECB526BA9C75DD036ED0CCEAF55C946796B13CD8D6A948481E0C7B9B76FFE459C8BB92785C3AEDDBCD37DE648A71C355D2FF2AB3780772E114B93DDBCF1FDEB4ADE9E2BF3B9E84D92F4B78C78C8D6FF3DBCF05DEB4B1E902C43B6E6CBD327E77CCD6B6B57F6ED9D23A6FA15BCFDF95539134F738AA28725B7E6E167287E3FF3C0023C83CCAEC59A53A21AC2999B5856149A267AACF4413194B1347E22B5134B3EDD757BEE1377696D334B3D5E46F36F1E6EB7F236F4ED3CC5B9315B98DCC62655EA22ADBBB651D6B4A9C7A4E99C4B59EB424AEB7F9AC8D97F2CF29717810A5D4668FE676F9F9E4090FA29221A74E8FBC60F9A218F6CECADF6084FD3B76972504FB8B8C04DBB55DB3A0B9208B20DFBC05897212214273892972604B3D89A8BB4036856A16804EDF85A7413D760D32C7CE05B94E689850E832F6E75E2DE0C59C8026FE69F2735DE6F175C8BEE221BA0062BA2C707F4DDE26AEE714729F2B62421A08E65DF0702F1B4BCAC2BECBC702E92A201D81B8FA0AA7E816FBA10760F13599A17BBC8A6C607EEFF012D98F65045007D23E1075B58F4F5DB48C901F738CB23D7C820D3BFEC39BFF00EA8887088A540000, N'6.2.0-61023')
GO
INSERT [dbo].[__MigrationHistory] ([MigrationId], [ContextKey], [Model], [ProductVersion]) VALUES (N'201812092301495_AutomaticMigration', N'Democracy.Migrations.Configuration', 0x1F8B0800000000000400E55DD96E1CB9157D0F907F28F4531268D4928C0089D09A81AD65208C65396AD9C99B40755152C1B5F4D4224808F265F3309F945F086BE7BED6D272E01775B178797957F21679FCDFDF7E5FFDF41285DE334CB320894F1687FB070B0FC69BC40FE2C79345913FFCF0B7C54F3FFEF10FAB733F7AF1BEB6EFBD2BDF433DE3EC64F194E7DBE3E532DB3CC10864FB51B049932C79C8F73749B4047EB23C3A38F8FBF2F07009118905A2E579AB9B22CE8308563FD0CFD324DEC06D5E80F02AF1619835CF51CBBAA2EA7D0211CCB660034F1667304A3629D8BCEED7EF2EBCF76100101F6B183E2C3C10C7490E72C4E5F1970CAEF334891FD75BF40084B7AF5B88DE7B0061061BEE8FFBD775277270544E64D9776C496D8A2C4F22438287EF1AC92CE9EE56F25D749243B23B4732CE5FCB5957F23B599C82D80F7C90A3D9D3A31D9F8669F9262BDFFDAED79ED7B5ED75A6802CA6FCB7E79D16615EA4F02486459E8270CFFB5CDC87C1E617F87A9B7C83F1495C8421CE1E6210B5110FD0A3CF69B28569FE7A031F68A62FFD85B724092C690A5D7F5EE77A7E9771FEEE68E17D42EC80FB1076F680C9629D2729FC19C630453DFDCF20CF618AD479E9C34AA20C1BD4A05F931C798F7A44391564BDA92B8D7F14A0E21871043343529FC073F058C983C3D8C2BB8161D5983D05DBDAF7F6CB86BB4EE268BC8B34896E92B0E98335DDDD82F411E688A384DFBE4E8A7463C0532D722E577593802FA691E18C7DC38EB7339883A08C564216EB37EE3027A5F9A4DF1030CBBCC6E378B5ECC3833468D4EA3688176587794245EB32A65142CFD5860B10E578E55FED88284B55D67B055E3EC2F8317F4289F80025D88BE005FAED93868B2F7180B233EA94A705340E0817419AE58AA1FF3ACAC81FC14C037F7E4A62D9A847A38CFADEF7539865D36BF8E714F8B2E9A23FB586558D9214DBD14741AACB13A9EAF444A81BA9F11CE196DFDA882BCA6F6DE0D6E5AC92F7158CEE5128E5F286BD705747EC9E39BA8D491BCC0B23A7389A41A6519ED8842C6AE7346CC246A90DEB374F86C318B0497454F7A9F25D35EC2CEB61B943893DE98E7438CA978856BE3791AF98FA9370896DE4E6741012C6017B1F32F79E19FDC6DA63A6F49533986DD2605B5700C65E2A39E61B132FE11A23DF91CCB24E45429674B091D8A483350A920EFE8653D2C1C819B90DD66F1EE7C118B07121AAFBDBAAC2D8A52E8BB46368ABB43B89AD79B8120AE96F4C11056F169551887706F0260B479AD387ECDDE7BB4D41D4D8EB5CAB582B27720323907E936DBE87D99F9E215E6F830822A6D3BC1DAD7D68CC75DBF13CF69D695D661749FA3E0CCB655E27870F097245105B103B8FCBD7FD0F2188BF95B564578A2E756901A98E37477ADD26FD9F413C5CDC5754160C6BD4FCE0EF525FA8DC8ECB5AD5D2C46D822DA28189F764EBC8F5843617082A0A8D78A43585E61D3B46954B50A3D429D02E37BD5AA5CE46D90699B3EA314FE2EC128269DED4CC246F346D2A2C926F8C9ABE4C1B20DFD31D566DB5CF59ACDDEA8E73AEE06A0EECD7717DFFC9CCB25B4338AE2976E7B3B6C1577DE3043DEC075A7E2C177EC775AE0F1A96D9A5EC094B844EBB48A3942DE58F4AEB3AF1E87D96259BA0620C9324BEEE22A78996E29EE2034F1DE7DBCF4328D4A3F0136C51C041C39F2C0E19C9894976EB939E24666A24DDBF307451A08269191140788AC48E425F10E76C540BE24DB005A17C565437836FEDA5E8BB41E89633B8857119B5E402701BBD1B840ACF2AF9AC969871C86D8653FB14E9585608EDD5DCD47BF44D47F6158222DB7EE51AC57EC4D3D351A2A0A26864436249387230811DB1253F91BE25F5BF5EDD447D59A56E196D9129A92DD4CA88840C4C654342E9BE1513D24960922A026D4226914872806EBA34269C9B8E024595590B13B24C66320E26B02172572852B4608BD82BB9A92AE89B8EA080A4B2C6816C863B1F1D6D090A1246E6C29DBAE3E093451B661B248F0DE23D11ADE9B62C609ABBC4C7623542D0A0494CC4898E6A25E7DC2D429148EA037032B5A155FB2A2D0B20F7B4039B17792ECD74DBE76E54F8F8136DD084C2DDF92D1AAFD6A0A565BAF030B011D19F22CC975EEE8644F230F112892BE637B048E27DC751AC89F91F7506586CF30F5A586E045D16DCBC194EBDE4E609E30DD8137390535AEAE19EEAB42CF448484F9BDD44C34F94DC4482DDB1DC5617B2511F1437639876DF1A9B0F6065037CC939DFD2108FCDE7B4ACF9A848DB4149780D73CE1185BE7ACE2E9F197322C934274E180AB521293A93E749191A849DEB9012125176273FD833448810AB454A4C4549A0DAF4F1FA375B6EADF1BBC314022EDA850D450CB34A52C7C46115EC2DC15D19DA51D45F56BA697436C5789BFA5B0A4604E797FE764BCE524302BCE3CFAC10541F0A743F1560B3682D52220BC9C7019A50C7BBB34038C7575979280ADE9A256F6C12A4974A64222E722B656B2D0C8587284AB79AC55B46183A7298D253A83327AC1C24E5478D0224C6761B2625D3E7971CD532B4B601F6C880C810E4553593BA1A339D2EF42B0D4358491BCB3A38E71514026217CB9AF52077B1106B64557A721546BB3650888357DBD0AE6EB88B84AA678CE849D4114A613C15EFD0B5F7E8763195BB2BD7CC55B62B10E226A060FD21DC64EA6D3335970C7A1B4B07A7698FF4743BA1AE6DB5AC41829A07ABA5004D687505B6DB529B7DCFE689B7AEA1854E7F589BA3EE44358DE58630377ADFD68D9427297884542B1A1A715A81339C811CDC83F2E8DAA91F31AF31FB3EC1D2BF1D8ED9DAB14A6B77036D97F26F6A93C920017136C94DF70B34BBA8DC6457A716796983EDEB95304F2004A9EC98DF69121651ACF181424CAF2FF9E0C4C4852031A576FF8FD311D504C454A85B103831AA89A5B95A5202672A118C66294FA36D45CB926AAF7532225E20D2B01F7EB77115D4E3B4D074EAA7FA9430DC159C14F6589F568FA48293EA9FEA536AA0517032CD237D1A1DD0094EA57BA84FA7C12DC1A9348F4C68541B4F9206A744A39049893942C9A47CB4334EA8282818F8225E50337749696FA98E7A080A465722700B254D2EB531C3FA9CDA1F42EFB61A37D4F5007A216ED6E0B488869DD190620B62A027BCCC6CAE2D696FF92289AB39AA698E8597A945CD6A018328DF5AEFA62A1F423DB68E2AA2D71D77C36909CFC089E97417C2713ADD4383F99117BE8919924DE634AB6BDF3C8A55833E3DEAEA374E916A32A1C9DE002709B3EDD3EC835434F16BE13CC278BB3E75FA92387773DAB4ED4C506AEAE34E31A9FEE2681E9204FDC6F6FB37B970688BB003248FE6A3AE6D0A1175972792FE8A2B9B4E44D767A54AEC2EACF2A2E35B2E00D916B846354FA6D04ABFD28DDE155CA9C2EAAA2972AAB1DC99AA67FDCAC243827A0EFCB2E2B97ECD7218ED972FECAF7F0D4FC300CDB77FE10AC4C103CCF2FA6EF7E2E8E0F0880284DF1D70F66596F921A748CC45682715360B527A500A5A79FBDCF1167935087378E932F6E1CBC9E2DF55A763EFF25F776DBF3DEF3A457A3FF60EBCFF385E3ED71DBAEEE5343017F0A61A5F4AC80CA4DBC2648641CC1EC5506890ECF819A49B27C0036CA554761E9539A67CB6E75D665FE2E0D7023DBD4D0B586A8E86607645D0EEF9A2503E1C01B287A24BE05F73891E9913A5E0ADB9646DA44BA057B754FF1481973FE3A48C11AA9D281128D402011EC8895A01135BB8B3B4826A090F3C8A7353B08ABA91B8E9F6167280218EAEADB207C0B41D45C11C3024BB806605AF6A214D6971D312E4F4FB5B404DE6B7A638A0D61A1F029273B73D88254D41A3E96AB1E9E664401434A75362E6C26F965B987C20F84D6B5A5CF8CDFB40B5DCE71112416FDA50B3DC858809B1A09B36D4F8909B03EE8E38D5C769C107773B40D8A1F75947DCA121F4C6112E859A671D0AFE3FEB1DA26A92C6E858D701D60B6E886F4EF86ED8A1FF8921DDA6BA42293B0FBA638000A6986D03E0B3B51715A747649B167D4D787E6C37C1B274F0D6063001E286E8A497F3A73501F911A5DD34017DBC3447C086795280F0E0D048480C66696066E00503B4333778336D031A12D06C320433031B7B539865861EAB3680F65EBD359290953198B9E418D063DF1DD298F37E604E7B987257606C056F0C296C1010A779CC60EA9581B129CCBC3850DE211EC718E6D825CC630AFAFB84992D411B9FCB392DCC572B98322998560A6647D8622F64D30A14C067C9D1B3EA038E270BFFBE3C5252973325881AF428B5713103D48F79B4F9D7EC69B284AD31D48956DE20522C21EE58625C2E217D3565226832F48956DE28528006FE58124C2FF1086AE2CD5E93A1DD3CE791E683DF48B1C0945060E22908704226420B637024386182BBA3C3BA8901ED76070C8C05DF904E94E3C4CC355DF7C9B2455447A02F9BA9723C9DB9F138D4540787F1E2703CB3010F8BD1C5827269E8524328BB05C265A815C9165074ED66E0E90F81AE651E7D67996A6B3FC3606799FAEBB4531E0517CB6ECA63C7E38121AFCC8D79D80C6B8068C55EA842FB9D222E0FA4D4BFCE60163CF6245688660C37C44EA77BE7327E48DA0D17C551FB0A759AE30A992C0A6AE07D9A070F6093A3E60DCCB2CA2ABE82B040AF9CA3C9FB97F175916F8B1C4D19092324FE6BCA72E3261BBF82ED22795E5D57879BB221A680D8ACE2F275FCA10842BFE3FB8273944440A2DC1136278C4A5DE6E549A3C7D78ED22706384744A8115FB791BD85D1362C970ED7F11A3C431BDE90E97E848F60F3DADE8B1313512B8214FBEA2C008F2988B28646DF1FFD4436EC472F3FFE0FDB78648749960000, N'6.2.0-61023')
GO
